{"cameraMode":{"drawMode":0,"name":"Shaded","section":"Shading Mode"},"sceneLighting":false,"audioPlay":false,"sceneViewState":{"showFog":true,"showMaterialUpdate":false,"showSkybox":false,"showFlares":true,"showImageEffects":true,"showParticleSystems":true},"in2DMode":false,"pivot":{"x":33.86367416381836,"y":1.0325956344604493,"z":0.4868065118789673},"rotation":{"x":-0.05694471299648285,"y":-0.43490636348724368,"z":0.027570877224206926,"w":-0.8982502818107605},"size":6.210381507873535,"orthographic":false}