{"cameraMode":{"drawMode":0,"name":"Shaded","section":"Shading Mode"},"sceneLighting":true,"audioPlay":false,"sceneViewState":{"showFog":true,"showMaterialUpdate":false,"showSkybox":true,"showFlares":true,"showImageEffects":true,"showParticleSystems":true},"in2DMode":false,"pivot":{"x":0.016342520713806154,"y":1.2594738006591797,"z":0.056835711002349856},"rotation":{"x":-0.17162765562534333,"y":-0.35124123096466067,"z":0.0656621903181076,"w":-0.9180752038955689},"size":8.4254732131958,"orthographic":false}